{
    "0": {
        "precision": 0.42641509433962266,
        "recall": 0.3476923076923077,
        "f1-score": 0.38305084745762713,
        "support": 325.0
    },
    "1": {
        "precision": 0.44642857142857145,
        "recall": 0.5154639175257731,
        "f1-score": 0.4784688995215311,
        "support": 291.0
    },
    "2": {
        "precision": 0.5217391304347826,
        "recall": 0.5492957746478874,
        "f1-score": 0.5351629502572899,
        "support": 284.0
    },
    "accuracy": 0.46555555555555556,
    "macro avg": {
        "precision": 0.4648609320676589,
        "recall": 0.47081733328865605,
        "f1-score": 0.46556089907881604,
        "support": 900.0
    },
    "weighted avg": {
        "precision": 0.4629661477661888,
        "recall": 0.46555555555555556,
        "f1-score": 0.4619025033972941,
        "support": 900.0
    }
}