{
    "0": {
        "precision": 1.0,
        "recall": 0.9969230769230769,
        "f1-score": 0.9984591679506933,
        "support": 325.0
    },
    "1": {
        "precision": 0.9863945578231292,
        "recall": 0.9965635738831615,
        "f1-score": 0.9914529914529915,
        "support": 291.0
    },
    "2": {
        "precision": 0.9964539007092199,
        "recall": 0.9894366197183099,
        "f1-score": 0.9929328621908127,
        "support": 284.0
    },
    "accuracy": 0.9944444444444445,
    "macro avg": {
        "precision": 0.994282819510783,
        "recall": 0.9943077568415162,
        "f1-score": 0.9942816738648325,
        "support": 900.0
    },
    "weighted avg": {
        "precision": 0.9944819156977212,
        "recall": 0.9944444444444445,
        "f1-score": 0.9944499810655407,
        "support": 900.0
    }
}