{
    "0": {
        "precision": 0.7908847184986595,
        "recall": 0.8702064896755162,
        "f1-score": 0.8286516853932584,
        "support": 339.0
    },
    "1": {
        "precision": 0.8523206751054853,
        "recall": 0.7188612099644128,
        "f1-score": 0.7799227799227799,
        "support": 281.0
    },
    "2": {
        "precision": 0.9448275862068966,
        "recall": 0.9785714285714285,
        "f1-score": 0.9614035087719298,
        "support": 280.0
    },
    "accuracy": 0.8566666666666667,
    "macro avg": {
        "precision": 0.8626776599370137,
        "recall": 0.8558797094037859,
        "f1-score": 0.8566593246959894,
        "support": 900.0
    },
    "weighted avg": {
        "precision": 0.8579597260151312,
        "recall": 0.8566666666666667,
        "f1-score": 0.8547380055141734,
        "support": 900.0
    }
}