{
    "0": {
        "precision": 0.9036827195467422,
        "recall": 0.9410029498525073,
        "f1-score": 0.9219653179190751,
        "support": 339.0
    },
    "1": {
        "precision": 0.9298892988929889,
        "recall": 0.896797153024911,
        "f1-score": 0.9130434782608695,
        "support": 281.0
    },
    "2": {
        "precision": 0.9963768115942029,
        "recall": 0.9821428571428571,
        "f1-score": 0.9892086330935251,
        "support": 280.0
    },
    "accuracy": 0.94,
    "macro avg": {
        "precision": 0.943316276677978,
        "recall": 0.9399809866734251,
        "f1-score": 0.9414058097578232,
        "support": 900.0
    },
    "weighted avg": {
        "precision": 0.9407031579573913,
        "recall": 0.94,
        "f1-score": 0.9400998638133976,
        "support": 900.0
    }
}